-- phpMyAdmin SQL Dump
-- version 4.9.0.1
-- https://www.phpmyadmin.net/
--
-- Host: localhost
-- Generation Time: Jan 31, 2020 at 03:59 AM
-- Server version: 5.7.28-log
-- PHP Version: 7.3.8

SET SQL_MODE = "NO_AUTO_VALUE_ON_ZERO";
SET AUTOCOMMIT = 0;
START TRANSACTION;
SET time_zone = "+00:00";


/*!40101 SET @OLD_CHARACTER_SET_CLIENT=@@CHARACTER_SET_CLIENT */;
/*!40101 SET @OLD_CHARACTER_SET_RESULTS=@@CHARACTER_SET_RESULTS */;
/*!40101 SET @OLD_COLLATION_CONNECTION=@@COLLATION_CONNECTION */;
/*!40101 SET NAMES utf8mb4 */;

--
-- Database: `petclinic`
--
CREATE DATABASE IF NOT EXISTS `petclinic` DEFAULT CHARACTER SET utf8 COLLATE utf8_general_ci;
USE `petclinic`;

-- --------------------------------------------------------

--
-- Table structure for table `owners`
--

DROP TABLE IF EXISTS `owners`;
CREATE TABLE IF NOT EXISTS `owners` (
  `id` int(4) UNSIGNED NOT NULL AUTO_INCREMENT,
  `first_name` varchar(30) DEFAULT NULL,
  `last_name` varchar(30) DEFAULT NULL,
  `address` varchar(255) DEFAULT NULL,
  `city` varchar(80) DEFAULT NULL,
  `telephone` varchar(20) DEFAULT NULL,
  PRIMARY KEY (`id`),
  KEY `last_name` (`last_name`)
) ENGINE=InnoDB AUTO_INCREMENT=11 DEFAULT CHARSET=utf8;

--
-- Dumping data for table `owners`
--

INSERT INTO `owners` (`id`, `first_name`, `last_name`, `address`, `city`, `telephone`) VALUES
(1, 'George', 'Franklin', '110 W. Liberty St.', 'Madison', '6085551023'),
(2, 'Betty', 'Davis', '638 Cardinal Ave.', 'Sun Prairie', '6085551749'),
(3, 'Eduardo', 'Rodriquez', '2693 Commerce St.', 'McFarland', '6085558763'),
(4, 'Harold', 'Davis', '563 Friendly St.', 'Windsor', '6085553198'),
(5, 'Peter', 'McTavish', '2387 S. Fair Way', 'Madison', '6085552765'),
(6, 'Jean', 'Coleman', '105 N. Lake St.', 'Monona', '6085552654'),
(7, 'Jeff', 'Black', '1450 Oak Blvd.', 'Monona', '6085555387'),
(8, 'Maria', 'Escobito', '345 Maple St.', 'Madison', '6085557683'),
(9, 'David', 'Schroeder', '2749 Blackhawk Trail', 'Madison', '6085559435'),
(10, 'Carlos', 'Estaban', '2335 Independence La.', 'Waunakee', '6085555487');

-- --------------------------------------------------------

--
-- Table structure for table `pets`
--

DROP TABLE IF EXISTS `pets`;
CREATE TABLE IF NOT EXISTS `pets` (
  `id` int(4) UNSIGNED NOT NULL AUTO_INCREMENT,
  `name` varchar(30) DEFAULT NULL,
  `birth_date` date DEFAULT NULL,
  `type_id` int(4) UNSIGNED NOT NULL,
  `owner_id` int(4) UNSIGNED NOT NULL,
  PRIMARY KEY (`id`),
  KEY `name` (`name`),
  KEY `owner_id` (`owner_id`),
  KEY `type_id` (`type_id`)
) ENGINE=InnoDB AUTO_INCREMENT=14 DEFAULT CHARSET=utf8;

--
-- Dumping data for table `pets`
--

INSERT INTO `pets` (`id`, `name`, `birth_date`, `type_id`, `owner_id`) VALUES
(1, 'Leo', '2000-09-07', 1, 1),
(2, 'Basil', '2002-08-06', 6, 2),
(3, 'Rosy', '2001-04-17', 2, 3),
(4, 'Jewel', '2000-03-07', 2, 3),
(5, 'Iggy', '2000-11-30', 3, 4),
(6, 'George', '2000-01-20', 4, 5),
(7, 'Samantha', '1995-09-04', 1, 6),
(8, 'Max', '1995-09-04', 1, 6),
(9, 'Lucky', '1999-08-06', 5, 7),
(10, 'Mulligan', '1997-02-24', 2, 8),
(11, 'Freddy', '2000-03-09', 5, 9),
(12, 'Lucky', '2000-06-24', 2, 10),
(13, 'Sly', '2002-06-08', 1, 10);

-- --------------------------------------------------------

--
-- Table structure for table `specialties`
--

DROP TABLE IF EXISTS `specialties`;
CREATE TABLE IF NOT EXISTS `specialties` (
  `id` int(4) UNSIGNED NOT NULL AUTO_INCREMENT,
  `name` varchar(80) DEFAULT NULL,
  PRIMARY KEY (`id`),
  KEY `name` (`name`)
) ENGINE=InnoDB AUTO_INCREMENT=4 DEFAULT CHARSET=utf8;

--
-- Dumping data for table `specialties`
--

INSERT INTO `specialties` (`id`, `name`) VALUES
(3, 'dentistry'),
(1, 'radiology'),
(2, 'surgery');

-- --------------------------------------------------------

--
-- Table structure for table `types`
--

DROP TABLE IF EXISTS `types`;
CREATE TABLE IF NOT EXISTS `types` (
  `id` int(4) UNSIGNED NOT NULL AUTO_INCREMENT,
  `name` varchar(80) DEFAULT NULL,
  PRIMARY KEY (`id`),
  KEY `name` (`name`)
) ENGINE=InnoDB AUTO_INCREMENT=7 DEFAULT CHARSET=utf8;

--
-- Dumping data for table `types`
--

INSERT INTO `types` (`id`, `name`) VALUES
(5, 'bird'),
(1, 'cat'),
(2, 'dog'),
(6, 'hamster'),
(3, 'lizard'),
(4, 'snake');

-- --------------------------------------------------------

--
-- Table structure for table `vets`
--

DROP TABLE IF EXISTS `vets`;
CREATE TABLE IF NOT EXISTS `vets` (
  `id` int(4) UNSIGNED NOT NULL AUTO_INCREMENT,
  `first_name` varchar(30) DEFAULT NULL,
  `last_name` varchar(30) DEFAULT NULL,
  PRIMARY KEY (`id`),
  KEY `last_name` (`last_name`)
) ENGINE=InnoDB AUTO_INCREMENT=7 DEFAULT CHARSET=utf8;

--
-- Dumping data for table `vets`
--

INSERT INTO `vets` (`id`, `first_name`, `last_name`) VALUES
(1, 'James', 'Carter'),
(2, 'Helen', 'Leary'),
(3, 'Linda', 'Douglas'),
(4, 'Rafael', 'Ortega'),
(5, 'Henry', 'Stevens'),
(6, 'Sharon', 'Jenkins');

-- --------------------------------------------------------

--
-- Table structure for table `vet_specialties`
--

DROP TABLE IF EXISTS `vet_specialties`;
CREATE TABLE IF NOT EXISTS `vet_specialties` (
  `vet_id` int(4) UNSIGNED NOT NULL,
  `specialty_id` int(4) UNSIGNED NOT NULL,
  UNIQUE KEY `vet_id` (`vet_id`,`specialty_id`),
  KEY `specialty_id` (`specialty_id`)
) ENGINE=InnoDB DEFAULT CHARSET=utf8;

--
-- Dumping data for table `vet_specialties`
--

INSERT INTO `vet_specialties` (`vet_id`, `specialty_id`) VALUES
(2, 1),
(5, 1),
(3, 2),
(4, 2),
(3, 3);

-- --------------------------------------------------------

--
-- Table structure for table `visits`
--

DROP TABLE IF EXISTS `visits`;
CREATE TABLE IF NOT EXISTS `visits` (
  `id` int(4) UNSIGNED NOT NULL AUTO_INCREMENT,
  `pet_id` int(4) UNSIGNED NOT NULL,
  `visit_date` date DEFAULT NULL,
  `description` varchar(255) DEFAULT NULL,
  PRIMARY KEY (`id`),
  KEY `pet_id` (`pet_id`)
) ENGINE=InnoDB AUTO_INCREMENT=5 DEFAULT CHARSET=utf8;

--
-- Dumping data for table `visits`
--

INSERT INTO `visits` (`id`, `pet_id`, `visit_date`, `description`) VALUES
(1, 7, '2010-03-04', 'rabies shot'),
(2, 8, '2011-03-04', 'rabies shot'),
(3, 8, '2009-06-04', 'neutered'),
(4, 7, '2008-09-04', 'spayed');

--
-- Constraints for dumped tables
--

--
-- Constraints for table `pets`
--
ALTER TABLE `pets`
  ADD CONSTRAINT `pets_ibfk_1` FOREIGN KEY (`owner_id`) REFERENCES `owners` (`id`),
  ADD CONSTRAINT `pets_ibfk_2` FOREIGN KEY (`type_id`) REFERENCES `types` (`id`);

--
-- Constraints for table `vet_specialties`
--
ALTER TABLE `vet_specialties`
  ADD CONSTRAINT `vet_specialties_ibfk_1` FOREIGN KEY (`vet_id`) REFERENCES `vets` (`id`),
  ADD CONSTRAINT `vet_specialties_ibfk_2` FOREIGN KEY (`specialty_id`) REFERENCES `specialties` (`id`);

--
-- Constraints for table `visits`
--
ALTER TABLE `visits`
  ADD CONSTRAINT `visits_ibfk_1` FOREIGN KEY (`pet_id`) REFERENCES `pets` (`id`);
COMMIT;

/*!40101 SET CHARACTER_SET_CLIENT=@OLD_CHARACTER_SET_CLIENT */;
/*!40101 SET CHARACTER_SET_RESULTS=@OLD_CHARACTER_SET_RESULTS */;
/*!40101 SET COLLATION_CONNECTION=@OLD_COLLATION_CONNECTION */;
